CryptoPunkId,ETH,Price
9673,22.5,31479.99954
8351,22.1,30920.00008
2594,19.84,27760.00023
3459,23,32180.00031
4237,55,76949.99695
6713,22,30780.00069
6028,21,29379.99916
7405,21.98,30750
3824,44,61560.00137
3160,40,55959.99908
5083,36,50360.00061
8445,60,83940.00244
4880,46,64349.99847
7342,45,62959.99908
6669,29,40569.99969
1967,40,55959.99908
4802,45,62959.99908
825,32,44770.00046
5990,32,44770.00046
6516,25.91,36250
7074,45,62959.99908
7186,27.5,38470.00122
5413,35,48970.00122
3569,27,37770.00046
1775,50,69949.99695
1548,24.62,34439.99863
8392,60,83940.00244
1839,65,90940.00244
5486,1.5,2099.999905
2880,29,40569.99969
7219,70,97930.00031
8511,34.99,48950.00076
4555,22.5,31479.99954
3470,31,43369.99893
5671,20,27979.99954
9546,20,27979.99954
5659,20,27979.99954
2302,27,37770.00046
1902,24.2,33860.00061
4601,22,30780.00069
4798,30,41970.00122
8833,28,39169.99817
7272,38,53159.99985
7562,39.99,55950.00076
6273,32,44770.00046
8220,32.5,45470.00122
6509,23.98,33549.99924
1102,29,40569.99969
4236,51.69,72309.99756
6183,45,62959.99908
8380,35,48970.00122
2592,35,48970.00122
538,23.99,33560.00137
8285,20.95,29309.99947
1804,23,32180.00031
7682,31.4,43930.00031
1991,29.99,41959.99908
8888,33.1,46310.00137
920,99.99,139889.9994
9310,34,47569.99969
1210,75,104930.0003
5309,23,32180.00031
3168,20.5,28680.00031
7998,23,32180.00031
9963,40,55959.99908
2421,21,29379.99916
3243,21.5,30079.99992
6278,27.5,38470.00122
1119,300,419700.0122
6431,28.99,40560.00137
4460,25,34979.99954
5569,49.8,69669.99817
2653,23.9,33439.99863
6110,23,32180.00031
5269,25,34979.99954
2126,20.5,28680.00031
7720,26,36369.99893
7720,26,36369.99893
3157,21.98,30750
9305,23,32180.00031
8163,25.59,35799.99924
991,37.99,53150.00153
4964,23,32180.00031
1240,32,44770.00046
8807,23,32180.00031
3202,24,33580.00183
4507,21,29379.99916
6883,21,29379.99916
6597,25.22,35279.99878
8993,22.5,31479.99954
9730,22.22,31090.00015
2276,45,62959.99908
3009,99,138500
4413,24,33580.00183
7680,27.9,39029.99878
7894,21.4,29940.00053
9046,33,46169.99817
3230,49,68550.00305
4393,50,69949.99695
3501,26.98,37750
3086,25.9,36229.99954
352,26.79,37479.99954
9275,26,36369.99893
5142,23.5,32880.00107
3008,32,44770.00046
1458,30,41970.00122
5011,29,40569.99969
4171,18,25180.00031
7675,22.9,32040.00092
4556,21.75,30430.00031
6313,24.97,34930.00031
7524,25,34979.99954
2853,28,39169.99817
5701,21.99,30760.00023
4941,30,41970.00122
285,29.99,41959.99908
9211,35,48970.00122
618,24.99,34959.99908
9075,22.5,31479.99954
8600,22,30780.00069
8611,18.5,25879.99916
8604,19,26579.99992
8602,21.5,30079.99992
8601,24,33580.00183
486,39,54560.00137
1243,31,43369.99893
8605,27.5,38470.00122
8620,80,111919.9982
2294,60,83940.00244
8613,25,34979.99954
8603,30,41970.00122
8606,42,58759.99832
8612,25,34979.99954
8617,80,111919.9982
6379,24.75,34630.00107
6880,28.9,40430.00031
3454,25,34979.99954
759,29.99,41959.99908
3030,30,41970.00122
6114,27,37770.00046
2719,23.25,32529.99878
7177,31,43369.99893
5013,34.99,48950.00076
6381,34,47569.99969
3599,22,30780.00069
3324,35,48970.00122
1408,25,34979.99954
6016,30,41970.00122
9594,42,58759.99832
4420,31.49,44049.99924
1398,28.99,40560.00137
5325,25,34979.99954
5807,22.5,31479.99954
5706,25,34979.99954
4248,24,33580.00183
3003,24.5,34279.99878
8424,23.75,33229.99954
5528,27,37770.00046
4558,24.3,34000
4600,24.6,34419.99817
5842,32,44770.00046
8479,34,47569.99969
4608,49.95,69879.99725
7023,36.33,50830.00183
7594,33.99,47549.99924
2975,27.2,38049.99924
8069,25.45,35599.99847
4105,27,37770.00046
9025,23,32180.00031
2423,49,68550.00305
773,29.99,41959.99908
5877,27,37770.00046
9467,52.5,73449.99695
1737,29,40569.99969
682,29.99,41959.99908
6131,24,33580.00183
3662,25,34979.99954
8001,39.5,55259.99832
534,59.69,83510.00214
4291,23.5,32880.00107
9938,26,36369.99893
7620,41,57360.00061
3571,35,48970.00122
488,27.25,38119.99893
8463,27,37770.00046
8087,25,34979.99954
9836,32.5,45470.00122
3323,24,33580.00183
4265,22.8,31899.99962
9589,25,34979.99954
9710,25,34979.99954
6125,25,34979.99954
952,27.99,39159.99985
9014,27,37770.00046
173,50,69949.99695
507,27.99,39159.99985
431,26.99,37759.99832
9301,24.49,34259.99832
7910,49,68550.00305
3985,27,37770.00046
2989,23.77,33250
1771,33,46169.99817
1625,25,34979.99954
4320,35,48970.00122
1794,27.5,38470.00122
1683,24.98,34950.00076
8516,30,41970.00122
7558,32,44770.00046
9749,98,137100.0061
3203,23.4,32740.00168
287,29.5,41270.00046
5831,25,34979.99954
2778,25,34979.99954
4957,28.75,40220.00122
8298,32,44770.00046
329,24.99,34959.99908
8282,42,58759.99832
5848,35,48970.00122
586,23.99,33560.00137
5087,23,32180.00031
8177,23,32180.00031
4064,22,30780.00069
8381,21.9,30639.99939
4085,22,30780.00069
9295,28.5,39869.99893
1614,22.9,32040.00092
7509,27.25,38119.99893
341,24.99,34959.99908
7076,59,82540.00092
9934,55,76949.99695
3275,24,33580.00183
7673,22,30780.00069
4219,21.8,30500
8573,22,30780.00069
8080,25,34979.99954
2340,20.5,28680.00031
381,23.99,33560.00137
7684,20,27979.99954
2013,48,67150.00153
3976,24.5,34279.99878
9012,50,69949.99695
4124,47,65750
5389,80,111919.9982
2253,85,118919.9982
8440,65,90940.00244
7056,33.3,46590.00015
4231,45,62959.99908
2140,400,559599.9756
7256,25,34979.99954
5631,35,48970.00122
411,24.99,34959.99908
7889,35,48970.00122
2221,21.25,29729.99954
6714,32,44770.00046
1739,30.05,42040.00092
2578,20.05,28049.99924
8571,29.99,41959.99908
4968,21.5,30079.99992
921,29.99,41959.99908
3989,22,30780.00069
3422,25.25,35330.00183
3804,22.9,32040.00092
9106,21.9,30639.99939
9847,23.99,33560.00137
7768,24.5,34279.99878
3050,22,30780.00069
2342,24.9,34840.00015
1462,50,69949.99695
8478,28,39169.99817
5586,35,48970.00122
340,50,69949.99695
5229,28,39169.99817
2210,24,33580.00183
4379,90,125910.0037
5123,21.9,30639.99939
6265,24,33580.00183
2634,26,36369.99893
2785,21.98,30750
3790,21.88,30610.00061
8124,27,37770.00046
2220,24.79,34680.00031
4823,30,41970.00122
4287,21,29379.99916
4182,21.5,30079.99992
8331,21.95,30709.99908
3188,27,37770.00046
7261,95,132910.0037
1825,22.5,31479.99954
9763,22.6,31620.00084
9971,24,33580.00183
4466,20,27979.99954
2549,81,113319.9997
9521,21.3,29799.99924
8363,24,33580.00183
3587,42,58759.99832
7988,21.69,30350.00038
2086,22,30780.00069
3956,21.5,30079.99992
9622,23.99,33560.00137
2855,21.4,29940.00053
2297,21.49,30059.99947
8665,23,32180.00031
6487,550,769460.022
3589,39.95,55889.99939
5411,26,36369.99893
2580,21,29379.99916
3530,21.4,29940.00053
4338,26,36369.99893
522,34.99,48950.00076
3891,33,46169.99817
335,40,55959.99908
605,50,69949.99695
1413,19.75,27629.99916
5233,25,34979.99954
6720,74,103529.9988
9537,36,50360.00061
686,45,62959.99908
6535,21.92,30670.00008
588,45,62959.99908
2724,19,26579.99992
2724,19,26579.99992
547,20.24,28319.99969
855,24.99,34959.99908
8405,49.99,69940.00244
7359,25,34979.99954
8906,45,62959.99908
8253,28.25,39520.00046
4436,24,33580.00183
9258,50,69949.99695
2864,22,30780.00069
3142,19.49,27270.00046
6036,34,47569.99969
3343,27,37770.00046
3018,21.9,30639.99939
4390,22,30780.00069
6658,24,33580.00183
1654,30,41970.00122
4347,45,62959.99908
563,35,48970.00122
9351,19.87,27799.99924
6779,42,58759.99832
9539,39.99,55950.00076
376,24.99,34959.99908
6832,19.5,27280.00069
1830,18.5,25879.99916
918,40,55959.99908
2108,20,27979.99954
3798,21,29379.99916
3680,20,27979.99954
9348,21.9,30639.99939
7852,23.2,32459.99908
4300,33,46169.99817
8526,20,27979.99954
7129,44.95,62889.99939
6806,20,27979.99954
6891,24,33580.00183
839,19.99,27969.99931
6839,33.33,46630.00107
3227,19.5,27280.00069
782,29.99,41959.99908
5550,60,83940.00244
1162,47,65750
6871,45.54,63709.99908
669,17.99,25170.00008
3362,24,33580.00183
6384,18,25180.00031
430,17.99,25170.00008
5660,18,25180.00031
3338,17.95,25110.00061
7634,22,30780.00069
9403,19,26579.99992
1212,17.78,24870.00084
1853,17.5,24479.99954
9705,17,23780.00069
2674,17,23780.00069
7323,16.8,23500
9767,16.5,23079.99992
4454,16.5,23079.99992
4515,26.9,37630.00107
4299,15,20989.99977
3783,15,20989.99977
9015,27.54,38529.99878
3596,14.9,20850.00038
7522,19,26579.99992
1316,14.66,20510.00023
3653,25,34979.99954
2394,47,65750
2713,29,40569.99969
8456,16.99,23770.00046
9506,30,41970.00122
4799,25,34979.99954
3092,20,27979.99954
4583,35,48970.00122
2529,16.7,23360.00061
6945,19,26579.99992
4226,34.99,48950.00076
6613,29.5,41270.00046
9233,15,20989.99977
6030,35,48970.00122
6712,20.2,28260.00023
589,16.99,23770.00046
446,24.99,34959.99908
5212,24.5,34279.99878
3213,14.6,20430.00031
898,22.22,31090.00015
874,17.49,24469.99931
8872,22.5,31479.99954
5644,25,34979.99954
2736,30,41970.00122
3944,30,41970.00122
4740,22.75,31829.99992
3224,15.25,21329.99992
8224,17.95,25110.00061
2024,20.24,28319.99969
9150,30,41970.00122
2726,27.26,38139.99939
2067,19,26579.99992
6294,21,29379.99916
3819,17.4,24340.00015
8821,23.95,33509.99832
5567,18,25180.00031
6697,16.95,23709.99908
9935,16.5,23079.99992
2570,34.99,48950.00076
6187,21,29379.99916
4986,24,33580.00183
3083,20.5,28680.00031
4826,16,22379.99916
8687,16,22379.99916
1100,19.49,27270.00046
6118,16,22379.99916
4447,16,22379.99916
1808,13.88,19420.00008
1387,13.8,19309.99947
4955,8,11189.99958
4491,22,30780.00069
9408,21.75,30430.00031
5062,21,29379.99916
8971,22.4,31340.00015
6762,16.25,22729.99954
5638,16.5,23079.99992
2443,16.9,23639.99939
1266,25,34979.99954
8828,35.99,50349.99847
4112,25,34979.99954
7255,15,20989.99977
939,50,69949.99695
9210,20,27979.99954
9008,16,22379.99916
9440,20,27979.99954
675,14.99,20969.99931
1648,15,20989.99977
842,25,34979.99954
5901,28.9,40430.00031
6272,18,25180.00031
765,32,44770.00046
6251,26.5,37069.99969
4204,15,20989.99977
9442,14.65,20500
5215,18,25180.00031
7960,18,25180.00031
7399,15,20989.99977
3622,17,23780.00069
3661,36,50360.00061
8813,16.25,22729.99954
8428,20.9,29239.99977
9189,13.37,18700.00076
5280,17,23780.00069
3409,17,23780.00069
8492,12.99,18170.00008
5883,26,36369.99893
5420,24.65,34490.00168
7425,20.5,28680.00031
3360,23,32180.00031
4800,14.95,20920.00008
6414,20,27979.99954
7155,14,19590.00015
8140,18.5,25879.99916
2707,18.99,26569.99969
445,71,99330.00183
2458,9.5,13289.99996
1435,15.71,21979.99954
9061,17,23780.00069
8995,15,20989.99977
160,30,41970.00122
1702,19.95,27909.99985
4606,15,20989.99977
8696,64,89540.00092
2127,14.92,20870.00084
4630,18,25180.00031
744,69,96529.99878
6353,16,22379.99916
7656,75,104930.0003
4815,14,19590.00015
5156,23.69,33139.99939
3715,19.99,27969.99931
9740,13,18190.00053
53,22,30780.00069
6117,15,20989.99977
6965,800,1120000.005
2636,12.65,17700.00076
6994,75,104930.0003
1719,15,20989.99977
4679,19.7,27559.99947
9085,13.85,19379.99916
7990,30,41970.00122
7147,12.05,16860.00061
8550,27.5,38470.00122
9164,13,18190.00053
5850,13,18190.00053
8593,30,41970.00122
6332,30,41970.00122
6115,13.5,18889.99939
4029,34,47569.99969
6875,35,48970.00122
8534,17,23780.00069
8243,24.49,34259.99832
1397,12,16790.00092
2353,22,30780.00069
7018,22.5,31479.99954
2015,41,57360.00061
5005,14.99,20969.99931
8710,15.5,21680.00031
4104,14.3,20010.00023
2833,20,27979.99954
6228,12.8,17909.99985
9840,15,20989.99977
6032,15,20989.99977
8489,15,20989.99977
8210,15,20989.99977
4280,14.99,20969.99931
1506,19.99,27969.99931
3672,30,41970.00122
7977,39,54560.00137
4607,25,34979.99954
2050,15.33,21450.00076
2435,25.99,36360.00061
1508,30,41970.00122
339,50,69949.99695
2141,14.49,20270.00046
8305,46,64349.99847
8451,14.4,20149.99962
1480,14,19590.00015
4116,15,20989.99977
1280,13.25,18540.00092
1944,19.44,27200.00076
8491,19,26579.99992
471,14.99,20969.99931
8033,25,34979.99954
6583,26.5,37069.99969
3347,31.5,44069.99969
9671,22,30780.00069
8401,20,27979.99954
8796,24.4,34139.99939
1176,15,20989.99977
8847,70,97930.00031
3709,18,25180.00031
7715,23,32180.00031
6012,19,26579.99992
1072,15,20989.99977
9652,29,40569.99969
4153,23,32180.00031
7278,15.45,21610.00061
9663,25,34979.99954
5350,34.5,48270.00046
3612,13.89,19430.00031
3316,17,23780.00069
8430,15,20989.99977
8941,15,20989.99977
1978,16,22379.99916
6978,24,33580.00183
8988,15,20989.99977
2381,19.5,27280.00069
4222,60,83940.00244
6601,15,20989.99977
9316,50,69949.99695
1890,9.9,13850.00038
5370,18.4,25739.99977
1587,24,33580.00183
2921,12.85,17979.99954
5679,33,46169.99817
5826,13.99,19569.99969
7226,15,20989.99977
3109,13.99,19569.99969
2326,15,20989.99977
7625,16.6,23219.99931
9312,13.99,19569.99969
6660,14,19590.00015
9641,39.41,55130.00107
6387,8.5,11890.00034
4145,12.75,17840.00015
7481,11,15390.00034
7959,12.5,17489.99977
1404,10,13989.99977
1350,10,13989.99977
1469,9.99,13979.99954
3521,9.9,13850.00038
8703,9.88,13819.99969
4433,9.88,13819.99969
2970,9.72,13600.00038
2205,9.8,13710.00004
3258,13.55,18959.99908
5080,15,20989.99977
8358,9.88,13819.99969
2112,29,40569.99969
8262,9.75,13640.00034
4867,9.8,13710.00004
2557,9.69,13560.00042
6366,9.5,13289.99996
5354,9.48,13260.00023
6452,9.98,13960.00004
4181,18,25180.00031
9505,9.5,13289.99996
9543,12.99,18170.00008
8644,9.5,13289.99996
7708,13.5,18889.99939
7609,11,15390.00034
4228,20,27979.99954
9187,9.49,13279.99973
6291,9.99,13979.99954
7837,9.3,13010.00023
6257,9.5,13289.99996
7069,9.5,13289.99996
8885,9,12609.99966
7750,19.25,26930.00031
6803,9.99,13979.99954
4079,9.75,13640.00034
5674,9.5,13289.99996
6956,8.5,11890.00034
2481,9.29,13000
8591,9.25,12939.99958
8547,11,15390.00034
5313,20,27979.99954
6034,15,20989.99977
4508,20,27979.99954
6069,8.55,11960.00004
9690,8.4,11750
2457,8.2,11470.00027
4647,31,43369.99893
5392,8.99,12579.99992
3728,9.99,13979.99954
9768,8.65,12100.00038
1690,9.5,13289.99996
7005,8.5,11890.00034
8431,28.95,40500
772,24,33580.00183
4526,35,48970.00122
4034,19.9,27840.00015
8907,23.95,33509.99832
5518,17,23780.00069
6751,15.4,21540.00092
5131,9.85,13779.99973
5614,9.85,13779.99973
9354,18,25180.00031
5514,14.6,20430.00031
6058,9,12590.00015
9871,14,19590.00015
7391,14,19590.00015
3326,9.5,13289.99996
4294,18.05,25250
4796,8.5,11890.00034
2128,8.75,12239.99977
3276,12,16790.00092
2037,9.6,13430.00031
9307,8.99,12579.99992
5090,8.45,11819.99969
6861,20,27979.99954
1651,78,109120.0027
3561,8.6,12029.99973
9686,10.44,14609.99966
1299,8.9,12449.99981
5058,8.7,12170.00008
7477,10,13989.99977
7955,9.6,13430.00031
1814,8.75,12239.99977
3757,50,69949.99695
1777,14.5,20290.00092
2068,15.5,21680.00031
7828,35,48970.00122
7592,21,29379.99916
3707,35,48970.00122
8151,9.49,13279.99973
9407,9.6,13430.00031
4994,8.3,11609.99966
9090,9.5,13289.99996
7335,8.1,11329.99992
2738,8,11189.99958
9220,14.4,20149.99962
3379,9.4,13149.99962
3280,19,26579.99992
2781,27,37770.00046
2906,8.95,12520.00046
7774,8.7,12170.00008
3085,15,20989.99977
5965,7.99,11180.00031
6391,10.49,14680.00031
7349,8.1,11329.99992
1030,9.49,13279.99973
4592,8.5,11890.00034
5444,29,40569.99969
4053,8.5,11890.00034
4803,12,16790.00092
8082,19.5,27280.00069
7693,9.5,13289.99996
9126,8.8,12310.00042
6355,9.75,13640.00034
1516,9.8,13710.00004
6536,9.99,13979.99954
4252,8.1,11329.99992
3042,8.76,12260.00023
5404,8.09,11319.99969
4474,9.4,13149.99962
3576,8.1,11329.99992
5919,10.25,14340.00015
3366,13.5,18889.99939
5070,8.35,11680.00031
9160,71,99330.00183
1347,8.5,11890.00034
8926,10,13989.99977
5792,9.99,13979.99954
6617,26,36369.99893
6730,11,15390.00034
9564,8.99,12579.99992
3392,50.02,69980.00336
7986,35,48970.00122
6962,12,16790.00092
6508,8.75,12239.99977
3558,24,33580.00183
5201,9.55,13359.99966
3320,8.2,11470.00027
5762,5.62,7860.000134
8150,8.79,12300.00019
1613,8.1,11329.99992
2688,7.79,10899.99962
1901,8.1,11329.99992
8901,8.23,11510.00023
3102,19.9,27840.00015
9372,8.89,12439.99958
8504,9.75,13640.00034
2659,8.79,12300.00019
7521,15,20989.99977
2426,69,96529.99878
4590,37.5,52459.99908
9391,9.17,12829.99992
3780,9,12590.00015
7981,9.26,12949.99981
9263,8.39,11739.99977
7209,13.9,19450.00076
3737,9.37,13109.99966
3234,9.55,13359.99966
9158,8,11189.99958
2695,9.88,13819.99969
5924,8,11189.99958
9170,10,13989.99977
7073,10.99,15380.00011
8530,24,33580.00183
5074,9.5,13289.99996
2172,8.75,12239.99977
2915,9.89,13840.00015
5876,9,12590.00015
5283,9.5,13289.99996
3671,9.5,13289.99996
5725,25.99,36360.00061
9462,8.88,12420.00008
9304,8.9,12449.99981
9095,8.72,12199.99981
3654,8.88,12420.00008
4027,10.1,14130.00011
7094,9.9,13850.00038
3334,10.08,14100.00038
4661,9.44,13210.00004
5626,14.99,20969.99931
9076,8.5,11890.00034
9274,9.5,13289.99996
7514,15,20989.99977
9178,10.5,14689.99958
2986,8.88,12420.00008
1379,9.8,13710.00004
2502,32,44770.00046
5346,10.25,14340.00015
2850,9.25,12939.99958
6167,8.75,12239.99977
9271,9.55,13359.99966
6614,8.5,11890.00034
7407,75,104930.0003
1334,8.75,12239.99977
4297,8.2,11470.00027
9865,26,36369.99893
1027,15,20989.99977
8006,18.89,26430.00031
8233,8.5,11890.00034
2333,14.75,20639.99939
4195,9,12590.00015
2790,8.8,12310.00042
7576,9.69,13560.00042
6595,8.9,12449.99981
1852,8.45,11819.99969
3133,9.49,13279.99973
8273,9.1,12729.99954
7870,8.5,11890.00034
5220,8.75,12239.99977
1769,8,11189.99958
3498,9,12590.00015
7293,9,12590.00015
2188,8,11189.99958
4383,20,27979.99954
9322,8.88,12420.00008
6512,8.5,11890.00034
9356,10.5,14689.99958
4194,10,13989.99977
3941,8.66,12119.99989
1086,26,36369.99893
1966,8.99,12579.99992
9922,8.88,12420.00008
4278,13.12,18360.00061
5961,8.45,11819.99969
8436,8.2,11470.00027
4083,9,12590.00015
7946,32,44770.00046
8103,11.5,16090.00015
8062,8.5,11890.00034
6946,8.94,12510.00023
2979,7.99,11180.00031
4327,9,12590.00015
9218,8.31,11630.00011
7258,21,29379.99916
8658,24.99,34959.99908
3413,9.1,12729.99954
6573,9.49,13279.99973
9142,8,11189.99958
9550,24,33580.00183
1649,12.49,17469.99931
2366,8.88,12420.00008
7107,8.4,11750
8014,9.8,13710.00004
5827,18.5,25879.99916
5752,7.69,10760.00023
8028,10,13989.99977
2122,10,13989.99977
5881,9.8,13710.00004
5266,10,13989.99977
8861,9.47,13250
3736,7.75,10840.00015
2652,8.1,11329.99992
6837,8.75,12239.99977
2744,7.69,10760.00023
2094,8,11189.99958
1756,9.5,13289.99996
5875,7.8,10909.99985
1791,8,11210.00004
1369,8.1,11329.99992
6142,10.25,14340.00015
5428,8.98,12560.00042
9970,9.75,13640.00034
8212,7.8,10909.99985
9708,9,12590.00015
5603,7.5,10489.99977
7754,7.3,10210.00004
5604,8.5,11890.00034
2773,9,12590.00015
8227,8.88,12420.00008
1921,7.99,11180.00031
8242,8.5,11890.00034
3763,29,40569.99969
1951,11,15390.00034
6808,9,12590.00015
8575,9.5,13289.99996
2609,9.5,13289.99996
7136,9.69,13560.00042
1389,16.99,23770.00046
2363,8.44,11810.00042
7757,9.86,13800.00019
6052,7.5,10489.99977
5559,8,11189.99958
9707,18.5,25879.99916
2904,33.69,47130.00107
7636,8.49,11880.00011
5033,8,11189.99958
9841,7.81,10930.00031
5721,27.58,38580.00183
7848,10,13989.99977
9449,8.45,11819.99969
9143,8,11189.99958
8153,9,12590.00015
9752,12.5,17489.99977
9884,9.25,12939.99958
4609,7.27,10170.00008
2947,7.75,10840.00015
6568,20,27979.99954
2911,11.5,16090.00015
4103,15,20989.99977
8705,9.25,12939.99958
2776,11.44,16000
9567,7.2,10069.99969
573,21,29379.99916
2153,7.25,10140.00034
5323,12.5,17489.99977
3577,7.1,9930.000305
4831,7.9,11050.00019
1394,7.8,10909.99985
6695,9.9,13850.00038
8682,7.77,10869.99989
7325,8.25,11539.99996
7325,8.25,11539.99996
6672,7.44,10409.99985
5903,7.2,10069.99969
5543,8.12,11359.99966
6205,7.9,11050.00019
2926,7.45,10420.00008
4274,8.1,11329.99992
4078,10,13989.99977
8740,6.95,9720.000267
8751,6.5,9090.000153
7263,7.5,10489.99977
8158,7.4,10350.00038
8892,6.35,8880.000114
8686,24.99,34959.99908
7752,8.99,12579.99992
7752,8.99,12579.99992
4059,7.05,9859.999657
7106,8.5,11890.00034
2291,7.14,9989.999771
7130,6.4,8949.999809
1589,7.25,10140.00034
4303,6.2,8670.000076
5028,6.42,8979.999542
8448,7,9789.999962
4214,18.5,25879.99916
2960,17,23780.00069
6124,6.99,9779.999733
4198,8.49,11880.00011
1824,7.8,10909.99985
6829,11,15390.00034
3155,8.14,11390.00034
3512,7.8,10909.99985
8015,8.3,11609.99966
3722,8.5,11890.00034
8653,6.56,9180.000305
7822,6.85,9579.999924
1533,6.3,8810.00042
5347,19,26579.99992
4455,7.84,10970.00027
6219,10,13989.99977
9010,10,13989.99977
1891,8.5,11890.00034
5695,11.11,15539.99996
8423,6.82,9539.999962
4161,7.9,11050.00019
3826,8.9,12449.99981
6230,7.39,10340.00015
5140,7.95,11119.99989
3972,6.12,8560.00042
4458,8.75,12239.99977
6507,6.05,8460.000038
819,14,19590.00015
3924,6.7,9369.999886
7178,6.1,8529.999733
8411,15,20989.99977
8944,8,11189.99958
8081,6.7,9369.999886
2628,10,13989.99977
3997,7.5,10489.99977
5488,7.5,10489.99977
5754,9,12590.00015
8215,6.25,8739.999771
1002,19.95,27909.99985
5973,6.75,9439.99958
6192,6.3,8810.00042
8475,5.98,8369.999886
6276,6,8390.000343
8970,5.94,8310.00042
4186,5.9,8250
2263,5.84,8170.000076
1035,8.25,11539.99996
3986,7.05,9859.999657
8745,12.87,18010.00023
1349,5.85,8180.000305
3419,7.9,11050.00019
8672,21,29379.99916
4326,6.66,9319.999695
9507,9.99,13979.99954
5915,9.5,13289.99996
3000,7.1,9930.000305
2417,6.99,9779.999733
4295,6.14,8590.000153
4041,20,27979.99954
3693,6.5,9090.000153
6546,8,11189.99958
9947,8.88,12420.00008
4084,7.84,10970.00027
1510,13.49,18870.00084
2887,20,27979.99954
8472,130,181869.9951
6784,130,181869.9951
3489,130,181869.9951
5629,9.3,13010.00023
9735,8.15,11399.99962
5075,9.09,12720.00027
6744,7.6,10630.00011
3249,7.5,10489.99977
7791,8.5,11890.00034
9145,19,26579.99992
7353,6.8,9510.000229
4550,7.45,10420.00008
1798,9,12590.00015
1667,7.8,10909.99985
4689,8,11189.99958
2739,6.75,9439.99958
4331,6.9,9649.999619
7992,9,12590.00015
1786,7,9789.999962
7132,5.5,7690.000057
3425,6.66,9319.999695
9326,9.75,13640.00034
5711,7,9789.999962
8315,8.9,12449.99981
6341,7.04,9859.999657
4312,6.6,9229.999542
9171,6.5,9090.000153
7251,6.5,9090.000153
3565,6.5,9090.000153
4261,7.85,10979.99954
1744,12,16790.00092
1566,13,18190.00053
3402,12,16790.00092
2222,14,19590.00015
5815,8,11189.99958
1196,12.5,17489.99977
2730,15,20989.99977
9216,9.99,13979.99954
2907,5.9,8250
3339,5.89,8239.999771
9726,6.99,9779.999733
2504,5,7000
628,12,16790.00092
7000,7.2,10069.99969
1123,16,22379.99916
4640,16,22379.99916
8929,27,37770.00046
1640,6.99,9779.999733
2430,7.8,10909.99985
1880,7.8,10909.99985
9627,8.45,11819.99969
9494,9.4,13149.99962
3455,7.79,10899.99962
5781,10,13989.99977
9306,8,11189.99958
6207,8,11189.99958
3640,6.4,8949.999809
3878,6.7,9369.999886
7593,9.5,13289.99996
9781,9,12590.00015
1044,7.9,11050.00019
8987,6,8390.000343
7763,25,34979.99954
994,11,15390.00034
7250,9.05,12659.99985
9821,5.81,8130.000114
638,20,27979.99954
4975,7,9789.999962
5287,7.89,11039.99996
9518,5.98,8369.999886
7808,6,8390.000343
4841,5.74,8029.999733
7844,15,20989.99977
8905,6.75,9439.99958
6834,9.99,13979.99954
9239,8.5,11890.00034
8777,6.25,8739.999771
4909,12,16790.00092
4108,5.98,8369.999886
1241,6,8390.000343
9249,6,8390.000343
3033,5.5,7690.000057
3683,5.5,7690.000057
7755,5.49,7679.999828
8508,5.49,7679.999828
2856,6.49,9079.999924
8510,8.5,11890.00034
4844,5.25,7340.000153
9997,99.99,139889.9994
7040,6.5,9090.000153
4202,6.49,9079.999924
7179,4.95,6929.999828
6134,4.99,6980.000019
7922,9.5,13289.99996
4082,22.82,31930.00031
6424,5.69,7960.000038
7846,97,135699.9969
1594,6,8390.000343
6297,215,300790.0085
7374,10.9,15250
7603,13.5,18889.99939
3915,5.5,7690.000057
8849,18,25180.00031
2984,8.25,11539.99996
7554,5.49,7679.999828
7554,5.49,7679.999828
3426,5.12,7159.999847
3056,6.5,9090.000153
916,15,20989.99977
6979,10,13989.99977
5985,7.8,10909.99985
5996,5.15,7199.999809
6545,4.9,6860.000134
4785,13.25,18540.00092
9194,13.5,18889.99939
7213,16.5,23079.99992
2190,45,62959.99908
7468,8.88,12420.00008
8394,8.5,11890.00034
2605,33,46169.99817
5708,14,19590.00015
9643,17,23780.00069
3332,8,11189.99958
7123,7.6,10630.00011
9028,19.99,27969.99931
9028,19.99,27969.99931
3095,5.99,8380.000114
4497,7,9789.999962
9405,10,13989.99977
6975,5.8,8109.999657
4444,24,33580.00183
7651,10.89,15239.99977
6196,7.5,10489.99977
4596,24.5,34279.99878
8520,14,19590.00015
195,16,22379.99916
6918,6,8390.000343
3111,16.4,22940.00053
3222,7.1,9930.000305
2654,9,12590.00015
1489,9.9,13850.00038
4313,11.25,15739.99977
1697,7.2,10069.99969
1253,20.69,28950.00076
9670,9,12590.00015
5639,12.35,17280.00069
6437,12.64,17680.00031
4484,5.5,7690.000057
1237,35,48970.00122
3221,6.99,9779.999733
9455,14,19590.00015
4684,5.85,8180.000305
3134,15.3,21399.99962
7306,8,11189.99958
1592,5.64,7889.999866
8608,8,11189.99958
8870,120,167880.0049
4130,9.55,13359.99966
6728,9.55,13359.99966
8900,16,22379.99916
5088,5.75,8039.999962
1378,5.48,7670.000076
4352,6.2,8670.000076
7409,5.75,8039.999962
3467,6.5,9090.000153
8247,6.8,9510.000229
9450,9,12590.00015
5169,17.69,24750
1010,18,25180.00031
8344,18,25180.00031
8105,50,69949.99695
2714,7.5,10489.99977
3793,8.8,12310.00042
4334,7,9789.999962
3364,6.99,9779.999733
8933,12,16790.00092
4011,5.8,8109.999657
7383,7.25,10140.00034
4797,8.25,11539.99996
4906,5.69,7960.000038
3922,5.79,8100.000381
3312,5.98,8369.999886
2354,5.75,8039.999962
6828,5.69,7960.000038
6666,79.99,111910.0037
9325,25,34979.99954
9337,6,8390.000343
1866,11.25,15739.99977
2591,7.5,10489.99977
1828,11.25,15739.99977
2483,5.9,8250
1913,7,9789.999962
5008,8,11189.99958
1436,5.17,7230.000019
4174,5.1,7130.000114
8803,8.88,12420.00008
2817,7,9789.999962
2844,38.5,53860.00061
593,45,62959.99908
5785,35,48970.00122
6793,31,43369.99893
9292,9.2,12869.99989
3091,4.44,6210.000038
3528,9.97,13949.99981
2673,6,8390.000343
1630,18,25180.00031
4511,6.66,9319.999695
8724,10,13989.99977
613,6.5,9090.000153
3580,5.75,8039.999962
2888,6.39,8939.99958
1788,6.5,9090.000153
7896,8,11189.99958
7571,8.88,12420.00008
4945,8.99,12579.99992
1796,8.99,12579.99992
3215,6.66,9319.999695
1096,6.5,9090.000153
4804,5.6,7829.999924
4591,6.6,9229.999542
3428,5,7000
4102,5.55,7760.000229
1522,6.95,9720.000267
1275,6,8390.000343
5830,6.3,8810.00042
6086,6,8390.000343
5146,6.5,9090.000153
3914,7,9789.999962
2950,13.9,19450.00076
9113,6.9,9649.999619
9252,9.8,13710.00004
2788,5.8,8109.999657
4215,9.5,13289.99996
2668,4.97,6949.999809
7857,7,9789.999962
7164,6.5,9090.000153
827,18,25180.00031
2914,13,18190.00053
4750,9.5,13289.99996
9920,9.25,12939.99958
6531,9,12590.00015
6193,5.2,7269.999981
7281,4.93,6900.000095
5194,5.68,7949.999809
2043,4.98,6969.99979
5803,4.99,6980.000019
4475,4.85,6789.999962
4452,8,11189.99958
2920,6.89,9640.000343
616,11,15390.00034
2539,7.45,10420.00008
924,16.5,23079.99992
5247,5.48,7670.000076
7087,7,9789.999962
8132,5.2,7269.999981
8132,5.2,7269.999981
2832,7.25,10140.00034
1326,9.5,13289.99996
7971,85,118919.9982
5648,6,8390.000343
1183,16.9,23639.99939
485,16,22379.99916
2898,7,9789.999962
1946,9.75,13640.00034
7113,5.5,7690.000057
2388,5.5,7690.000057
3572,5.68,7949.999809
5231,4.99,6980.000019
9266,4.51,6300.000191
8317,12,16790.00092
3515,6.48,9069.999695
604,8,11189.99958
604,8,11189.99958
9979,6.2,8670.000076
6133,7.9,11050.00019
6119,6.5,9090.000153
1870,8.75,12239.99977
8139,5.87,8210.000038
3946,6,8390.000343
8303,9,12590.00015
7540,7.89,11039.99996
5148,9.99,13979.99954
3206,8.5,11890.00034
4101,8,11189.99958
9750,6,8390.000343
6158,8,11189.99958
9834,8.25,11539.99996
7494,6.1,8529.999733
3028,9.98,13960.00004
2581,7.5,10489.99977
1764,5.45,7619.999886
846,5.4,7550.000191
9162,7.5,10489.99977
7958,10,13989.99977
2994,8.5,11890.00034
465,14,19590.00015
7327,5.32,7440.000057
264,8.7,12170.00008
9167,8.4,11750
3504,5.5,7690.000057
6519,8,11189.99958
7602,16.5,23079.99992
9787,4.78,6690.000057
7003,4.31,6030.00021
9793,6,8390.000343
4770,8.25,11539.99996
4157,4.25,5949.999809
8279,6.9,9649.999619
5427,4.97,6949.999809
4810,4.2,5880.000114
7268,4.21,5889.999866
7241,4.21,5889.999866
9608,5,7000
850,6.5,9090.000153
4845,4.45,6230.000019
2315,6.61,9250
5437,4.9,6860.000134
8824,5.89,8239.999771
5252,5.88,8229.999542
6241,7.7,10770.00046
3613,7.5,10489.99977
2261,7,9789.999962
2862,4.9,6860.000134
2217,6,8390.000343
6873,6.99,9779.999733
9624,5.87,8210.000038
8284,6,8390.000343
4176,19,26579.99992
5390,7.97,11149.99962
4809,4.69,6559.999943
8187,7.09,9920.000076
6843,5.89,8239.999771
3128,4.87,6809.999943
4148,9,12590.00015
3797,6.8,9510.000229
6268,6,8390.000343
824,37,51759.99832
2633,7.55,10560.00042
7025,5.1,7130.000114
7025,5.1,7130.000114
1934,5.75,8039.999962
6699,7.5,10489.99977
5227,4.31,6030.00021
8639,17.86,24989.99977
4493,4.31,6030.00021
4814,6.5,9090.000153
6469,7,9789.999962
3699,8.5,11890.00034
2374,4.63,6480.000019
8735,6,8390.000343
6248,5.98,8369.999886
1521,6.6,9229.999542
9637,5.6,7829.999924
6281,7.5,10489.99977
6094,6.98,9770.000458
9192,5.9,8250
1238,5,7000
5904,7.77,10869.99989
8125,8,11189.99958
7972,9.99,13979.99954
4719,11.25,15739.99977
8562,37,51759.99832
8457,4.67,6530.00021
7013,5.88,8229.999542
5397,7.75,10840.00015
6982,5.99,8380.000114
2031,7.5,10489.99977
7401,4.99,6980.000019
7772,4.2,5880.000114
2702,5,7000
2242,6.9,9649.999619
6649,50.2,70230.00336
7835,4.2,5880.000114
8783,4.4,6159.999847
3333,6,8390.000343
7472,4.98,6969.99979
6756,9.99,13979.99954
7825,6,8390.000343
6585,4.17,5829.999924
5429,9,12590.00015
4227,4.9,6860.000134
5511,5,7000
4726,5,7000
4780,7.5,10489.99977
7543,4.2,5880.000114
3145,3.4,4760.000229
1335,3.98,5570.000172
4915,4.6,6440.000057
4942,4.17,5829.999924
3450,4.25,5949.999809
1074,5,7000
5014,7,9789.999962
9342,4,5599.999905
3744,4.2,5880.000114
322,16,22379.99916
6459,13,18190.00053
4813,4.5,6300.000191
7032,3.95,5530.00021
5991,3.95,5530.00021
5748,7.5,10489.99977
3175,8.75,12239.99977
9972,5.99,8380.000114
6876,4,5599.999905
1968,5,7000
1483,5,7000
6750,4,5599.999905
3120,9.66,13510.00023
7834,4.59,6420.000076
9561,7,9789.999962
2944,4.5,6300.000191
4512,4.69,6559.999943
5538,7,9789.999962
4410,11.5,16090.00015
5447,4.75,6650.000095
4426,4.44,6210.000038
4230,4.5,6300.000191
6710,5.7,7969.99979
1532,5,7000
7552,5,7000
9226,5.2,7269.999981
5012,5,7000
7504,5.5,7690.000057
4018,5.5,7690.000057
6010,7.1,9930.000305
2567,7.5,10489.99977
5811,5,7000
4019,11,15390.00034
7072,9,12590.00015
6288,15.99,22370.00084
9179,4.99,6980.000019
6952,8,11189.99958
8655,4.9,6860.000134
5461,5.97,8350.000381
5222,4.99,6980.000019
6821,5.99,8380.000114
6824,4.98,6969.99979
4784,5.75,8039.999962
5732,5.45,7619.999886
1502,5,7000
9030,5.55,7760.000229
4792,5.25,7340.000153
7718,4.9,6860.000134
3800,9,12590.00015
8635,6.95,9720.000267
2929,4.85,6789.999962
4794,6.25,8739.999771
9132,4.9,6860.000134
4707,5.75,8039.999962
5122,4.88,6829.999924
2378,4.7,6579.999924
5912,5,7000
7271,4.75,6650.000095
7501,9.2,12869.99989
8518,4.6,6440.000057
5558,4.5,6300.000191
5021,4.59,6420.000076
9722,6.99,9779.999733
4051,5,7000
9152,5.9,8250
8641,4.8,6719.99979
8488,4.5,6300.000191
2320,4.49,6280.00021
1833,4.29,6000
7632,5,7000
7632,5,7000
6150,6.99,9779.999733
6816,10.25,14340.00015
8046,5,7000
8146,30,41970.00122
5909,4.6,6440.000057
4956,6,8390.000343
8043,5.5,7690.000057
294,6.25,8739.999771
3054,4.88,6829.999924
7344,5.1,7130.000114
4035,4.5,6300.000191
9155,4.75,6650.000095
8544,4.65,6510.000229
7051,4.5,6300.000191
1160,6.27,8770.000458
8743,6.99,9779.999733
6129,5.1,7130.000114
4998,4.69,6559.999943
9052,18,25180.00031
8747,5.8,8109.999657
4767,6.5,9090.000153
6863,5.9,8250
5913,9.99,13979.99954
1127,9.99,13979.99954
4633,7.65,10699.99981
6788,7.65,10699.99981
7563,28,39169.99817
6090,4.65,6510.000229
168,25,34979.99954
5078,5,7000
9140,4.59,6420.000076
9448,4.99,6980.000019
5733,4.65,6510.000229
3418,4.89,6840.000153
8280,6.75,9439.99958
9974,10,13989.99977
9117,5,7000
8219,140,195860.0006
2156,5.3,7409.999847
2156,5.3,7409.999847
9675,4.99,6980.000019
5065,4.65,6510.000229
8091,4.2,5880.000114
8495,4,5599.999905
2928,6.5,9090.000153
6147,7,9789.999962
9720,5.04,7050.000191
8767,8.5,11890.00034
7888,18,25180.00031
6612,8.5,11890.00034
5198,4.98,6969.99979
9654,9.5,13289.99996
9544,7.5,10489.99977
3858,17,23780.00069
4036,5.5,7690.000057
9880,4.5,6300.000191
5544,4.99,6980.000019
3410,4.97,6949.999809
1743,4.9,6860.000134
9683,5.3,7409.999847
4861,5.45,7619.999886
9340,5.47,7650.000095
9368,88.55,123879.9973
3073,5.5,7690.000057
7117,4,5599.999905
4257,4,5599.999905
7532,4.5,6300.000191
7923,8,11189.99958
1957,4,5599.999905
6326,6,8390.000343
9270,5.99,8380.000114
5004,5.95,8319.999695
8320,14,19590.00015
5829,6.1,8529.999733
3074,8,11189.99958
5546,5.95,8319.999695
777,18.99,26569.99969
8396,5.29,7400.000095
6580,5.27,7369.999886
4905,5.25,7340.000153
2184,5.5,7690.000057
8341,4.89,6840.000153
4446,6.5,9090.000153
6620,7.39,10340.00015
1467,5.26,7360.000134
6576,6,8390.000343
1780,4.5,6300.000191
8897,6,8390.000343
9225,5.35,7480.000019
3380,5.35,7480.000019
7705,6,8390.000343
4635,5.45,7619.999886
7929,8,11189.99958
9502,5.99,8380.000114
8021,4.92,6880.000114
8021,4.92,6880.000114
9447,9.5,13289.99996
2937,5.99,8380.000114
6152,8,11189.99958
4528,5.25,7340.000153
1518,5.25,7340.000153
2194,5.24,7329.999924
3549,5.12,7170.000076
9998,15,20989.99977
2881,5.5,7690.000057
2681,83,116120.0027
6457,4,5599.999905
3748,6.5,9090.000153
9904,5,7000
3655,5,7000
3439,4.9,6860.000134
8817,4.88,6829.999924
1524,4.4,6159.999847
7431,5.5,7690.000057
3806,4,5599.999905
2129,5.75,8039.999962
2490,6,8390.000343
1586,4.8,6719.99979
5523,4.99,6980.000019
965,5.5,7690.000057
3831,99.99,139889.9994
1490,4.25,5949.999809
3107,60,83940.00244
8788,4.15,5809.999943
2410,7.25,10140.00034
3441,7.12,9960.000038
2450,7,9789.999962
4866,4,5599.999905
9079,5.5,7690.000057
5647,21.5,30079.99992
9717,6,8390.000343
2209,15,20989.99977
7613,6,8390.000343
7015,12,16790.00092
8302,5.99,8380.000114
8427,6,8390.000343
2158,5.8,8109.999657
6059,5,7000
3082,4.5,6300.000191
8919,4.69,6559.999943
1812,5,7000
5322,3.33,4659.999847
3306,3.33,4659.999847
7160,3.75,5250
5672,4,5599.999905
9924,4,5599.999905
3199,3.59,5019.999981
7508,3.95,5530.00021
4152,4.25,5949.999809
3759,3.1,4340.000153
7126,3.9,5460.000038
3330,4,5599.999905
7238,2.9,4059.999943
5932,3.5,4900.000095
7777,6.5,9090.000153
1473,2.8,3920.000076
9512,4.2,5880.000114
1443,3.5,4900.000095
1343,2.5,3500
9721,2.5,3500
1781,2.8,3920.000076
6500,2.5,3500
3404,3,4199.999809
6079,3.6,5039.999962
2484,36.99,51750
1190,32,44770.00046
1190,32,44770.00046
1242,3,4199.999809
4516,5,7000
4516,5,7000
1,60,83940.00244
4068,4.25,5949.999809
9905,3.5,4900.000095
4262,3.25,4550.000191
2905,4,5599.999905
9647,3.5,4900.000095
5564,4.99,6980.000019
3139,15,20989.99977
7131,5,7000
7812,2.99,4179.999828
9153,3.5,4900.000095
1797,3.8,5320.000172
7740,3.31,4630.000114
3049,7.19,10060.00042
7996,36,50360.00061
5823,9.5,13289.99996
1773,4.3,6019.999981
1773,4.3,6019.999981
4851,11,15390.00034
6458,9,12590.00015
3879,3,4199.999809
5412,38,53159.99985
3658,3.4,4760.000229
7505,4.15,5809.999943
9381,5.06,7079.999924
1932,4.25,5949.999809
1785,6,8390.000343
6598,8,11189.99958
6598,8,11189.99958
7034,4,5599.999905
5837,8,11189.99958
3711,6,8390.000343
7744,3,4199.999809
5209,4.49,6280.00021
6412,3.5,4900.000095
7627,4,5599.999905
9909,50,69949.99695
1677,7.5,10489.99977
2860,3.59,5019.999981
3166,3.69,5159.999847
2789,5,7000
4918,3.8,5320.000172
4579,9.99,13979.99954
3376,4,5599.999905
4777,5,7000
5632,6,8390.000343
1416,5.3,7409.999847
4253,5.85,8180.000305
5189,3.75,5250
6485,4.25,5949.999809
5690,4,5599.999905
6869,1,1399.999976
3500,6,8390.000343
8676,5.95,8319.999695
8244,4.13,5780.00021
9669,5.4,7550.000191
2769,4.25,5949.999809
2476,5.4,7550.000191
7317,3.98,5570.000172
1529,12.99,18170.00008
9364,4.35,6090.000153
4132,12.5,17489.99977
2949,12.12,16959.99908
3226,5.99,8380.000114
2407,6.5,9090.000153
6931,5,7000
3464,8.5,11890.00034
3465,8.5,11890.00034
3341,5.99,8380.000114
5702,6.25,8739.999771
6752,8.25,11539.99996
1084,4.75,6650.000095
6818,6.1,8529.999733
3633,5.8,8109.999657
8845,7.1,9930.000305
1234,5.5,7690.000057
2968,6.4,8949.999809
2770,5.2,7269.999981
2742,10,13989.99977
1860,8.5,11890.00034
2049,12.5,17489.99977
1908,5.5,7690.000057
959,15,20989.99977
2831,8,11189.99958
6503,5,7000
2327,6.25,8739.999771
9245,5,7000
2286,5.05,7070.000172
3169,5.25,7340.000153
3965,6.15,8600.000381
7443,5.7,7969.99979
1770,4.7,6579.999924
3011,42,58759.99832
4002,5.7,7969.99979
3559,5,7000
9284,5,7000
5565,4.75,6650.000095
8122,4.98,6969.99979
9217,4.75,6650.000095
4779,7.5,10489.99977
812,6,8390.000343
8095,5,7000
8164,5.99,8380.000114
4517,7,9789.999962
2826,6.5,9090.000153
6226,6,8390.000343
1750,9.5,13289.99996
4576,7,9789.999962
4912,4.19,5860.000134
1904,4.8,6719.99979
1115,7,9789.999962
2715,7.6,10630.00011
2336,10,13989.99977
5010,8,11189.99958
4868,16,22379.99916
1703,7.5,10489.99977
3382,6,8390.000343
3034,4.25,5949.999809
7392,4.95,6929.999828
6137,7.77,10869.99989
4223,5.75,8039.999962
8012,6.5,9090.000153
4162,4,5599.999905
4419,4.25,5949.999809
7515,13.99,19569.99969
2953,6.99,9779.999733
5197,5.5,7690.000057
3250,5.85,8180.000305
3217,5.8,8109.999657
4699,5.6,7829.999924
9490,5,7000
5288,5,7000
1558,6,8390.000343
7422,5,7000
3060,25,34979.99954
6522,9.1,12729.99954
7811,6.5,9090.000153
8357,5.35,7480.000019
3700,8.5,11890.00034
8998,7.5,10489.99977
7326,5.25,7340.000153
2390,6.5,9090.000153
2927,7,9789.999962
5402,7.99,11180.00031
9846,5,7000
3327,4.45,6230.000019
8659,6.12,8560.00042
7810,5.6,7829.999924
7528,5.2,7269.999981
8837,5.5,7690.000057
7307,4.95,6929.999828
3839,6.49,9079.999924
3179,5,7000
3179,5,7000
3114,5.77,8069.999695
5926,6.4,8949.999809
2231,5.5,7690.000057
1636,7.1,9930.000305
6771,11,15390.00034
2586,4.99,6980.000019
4534,4.99,6980.000019
2728,4.99,6980.000019
5619,7.75,10840.00015
6685,4.99,6980.000019
4930,7.19,10060.00042
5480,5.99,8380.000114
8904,7.5,10489.99977
5433,6.8,9510.000229
3641,5,7000
6621,5.7,7969.99979
9204,5.5,7690.000057
3768,5.5,7690.000057
1845,5,7000
6544,6.25,8739.999771
8671,5.09,7119.999886
5612,7,9789.999962
1322,6.21,8689.99958
6126,6.4,8949.999809
4256,6.31,8829.999924
2892,7,9789.999962
5133,5.95,8319.999695
8274,5.7,7969.99979
8188,7.5,10489.99977
6160,6,8390.000343
3407,6,8390.000343
8583,6,8390.000343
4824,6,8390.000343
2111,5.7,7969.99979
2501,6.5,9090.000153
2824,6.25,8739.999771
6112,4.99,6980.000019
6936,5.9,8250
9022,5.25,7340.000153
5705,6.5,9090.000153
6588,5.99,8380.000114
3369,5.58,7809.999943
7200,6.25,8739.999771
6804,5.99,8380.000114
2125,5.99,8380.000114
9350,9,12590.00015
3855,5.95,8319.999695
5226,5.49,7679.999828
3889,6.8,9510.000229
6154,7.49,10479.99954
3350,5.5,7690.000057
3681,5.5,7690.000057
8490,5.49,7679.999828
3047,6.2,8670.000076
2819,6.75,9439.99958
4631,5.99,8380.000114
5196,6,8390.000343
2136,5.55,7760.000229
2223,7,9789.999962
2404,5.65,7900.000095
4216,5.7,7969.99979
3081,5.5,7690.000057
3539,5.38,7530.00021
6691,5.45,7619.999886
9001,6,8390.000343
8951,6.07,8489.999771
7824,5.1,7130.000114
2982,12.55,17559.99947
6705,5.15,7199.999809
4691,5,7000
6976,6.5,9090.000153
1778,4.75,6650.000095
1767,4.75,6650.000095
4519,4.95,6929.999828
2168,5,7000
9805,5.6,7829.999924
4632,4.99,6980.000019
5878,4.99,6980.000019
2948,8.15,11399.99962
5338,4.75,6650.000095
2999,5.3,7409.999847
8108,4.8,6719.99979
6782,4.8,6719.99979
2661,5.25,7340.000153
2883,5.9,8250
2575,5.9,8250
9665,6.75,9439.99958
4808,6.2,8670.000076
426,5.75,8039.999962
610,5.75,8039.999962
5722,5.8,8109.999657
2135,5.5,7690.000057
4878,5.4,7550.000191
3771,5.98,8369.999886
2677,5.99,8380.000114
7435,5.99,8380.000114
3695,5.99,8380.000114
7911,5.7,7969.99979
4660,6.65,9300.000191
3106,58,81139.99939
7819,6.5,9090.000153
5579,5.69,7960.000038
2875,5.94,8310.00042
6642,7.85,10979.99954
2036,5.55,7760.000229
7861,8.5,11890.00034
3161,6.99,9779.999733
9250,5.99,8380.000114
4117,5.98,8369.999886
3892,5.95,8319.999695
3144,9,12590.00015
8586,5.9,8250
2771,5.9,8250
3776,5.75,8039.999962
8444,5.8,8109.999657
4175,5.8,8109.999657
3287,15.43,21590.00015
8343,5.85,8180.000305
2377,6.5,9090.000153
5237,5.8,8109.999657
2956,5.8,8109.999657
3769,5.79,8100.000381
2235,5.7,7969.99979
9157,5.7,7969.99979
7730,5.75,8039.999962
5962,5.7,7969.99979
6130,5.69,7960.000038
9656,5.8,8109.999657
9335,5.99,8380.000114
5020,5.7,7969.99979
3433,5.65,7900.000095
2170,5.65,7900.000095
2732,5.5,7690.000057
7741,5.5,7690.000057
3474,5.5,7690.000057
2088,5.56,7780.00021
3067,5.55,7760.000229
3497,5.5,7690.000057
8949,5.75,8039.999962
6550,6.16,8619.999886
5279,5.5,7690.000057
2758,5.5,7690.000057
5686,6.04,8449.999809
9174,5.45,7619.999886
9535,5.5,7690.000057
3959,5.49,7679.999828
6411,5.98,8369.999886
8054,5.98,8369.999886
3907,5.8,8109.999657
8540,5.56,7780.00021
5273,5.5,7690.000057
5462,5.49,7679.999828
9319,5.99,8380.000114
4406,5.49,7679.999828
5467,5.49,7679.999828
9005,8,11189.99958
4505,7,9789.999962
5246,6.4,8949.999809
3125,7.77,10869.99989
8512,5.7,7969.99979
5286,5.2,7269.999981
5683,4.99,6980.000019
3929,4.99,6980.000019
2238,5.17,7230.000019
5575,5,7000
5575,5,7000
6657,5,7000
7642,6.25,8739.999771
506,7.5,10489.99977
3614,9.99,13979.99954
2873,9.5,13289.99996
2942,9.98,13960.00004
9692,14.95,20920.00008
6795,15,20989.99977
2308,5.89,8239.999771
1385,5.5,7690.000057
2976,5.55,7760.000229
2825,5.8,8109.999657
5366,5.75,8039.999962
7733,5.85,8180.000305
2577,5.55,7760.000229
9289,5.69,7960.000038
4951,5.75,8039.999962
6514,5.88,8229.999542
2106,5.75,8039.999962
981,6,8390.000343
4046,5.99,8380.000114
8519,5.98,8369.999886
8706,5.94,8310.00042
3228,5.89,8239.999771
3192,5.5,7690.000057
7989,5.49,7679.999828
926,5,7000
2282,6,8390.000343
3039,8.99,12579.99992
1859,6.79,9500
6735,6,8390.000343
1898,5,7000
8379,4.99,6980.000019
3344,11,15390.00034
1362,6.95,9720.000267
2691,6.97,9750
993,5,7000
3080,5,7000
3897,4.99,6980.000019
8946,5.95,8319.999695
3853,6.2,8670.000076
8719,10,13989.99977
6932,40,55959.99908
7525,5.75,8039.999962
919,5,7000
9390,4.5,6300.000191
3238,4.62,6460.000038
3784,8.02,11220.00027
8832,4.98,6969.99979
8694,5.99,8380.000114
3152,4.93,6900.000095
8190,8.5,11890.00034
6191,7.8,10909.99985
7145,9,12590.00015
4120,8,11189.99958
2339,6,8390.000343
7390,6,8390.000343
6331,5.9,8250
6077,5.99,8380.000114
7742,6.9,9649.999619
9298,7.4,10350.00038
3845,5.82,8140.000343
5321,6,8390.000343
9943,9.5,13289.99996
1575,6,8390.000343
3336,6,8390.000343
1392,4.99,6980.000019
3223,5.5,7690.000057
7195,5,7000
4662,5,7000
8196,5,7000
6195,8,11189.99958
3044,6,8390.000343
3261,4.79,6699.999809
7709,5,7000
7298,6.2,8670.000076
9042,5,7000
2241,4.9,6860.000134
5367,4.95,6929.999828
5155,4.71,6590.000153
4111,4.75,6650.000095
6421,4.72,6599.999905
3927,5.75,8039.999962
3649,14.25,19940.00053
7557,35,48970.00122
7011,7.79,10899.99962
5635,4.7,6579.999924
9697,4.25,5949.999809
7484,6.94,9710.000038
7646,5.25,7340.000153
6555,4,5599.999905
8051,4,5599.999905
2317,4,5599.999905
9887,4,5599.999905
8389,4.25,5949.999809
5018,3.6,5039.999962
7962,3.75,5250
7264,3.75,5250
8049,3.6,5039.999962
3774,4.59,6420.000076
4875,3.6,5039.999962
9744,3.5,4900.000095
6333,6.75,9439.99958
8335,3.5,4900.000095
7265,3.5,4900.000095
7345,3.5,4900.000095
7080,3.5,4900.000095
5999,3.5,4900.000095
8144,3.5,4900.000095
2870,3.5,4900.000095
3782,3.9,5460.000038
5552,3.8,5320.000172
8307,58.5,81839.99634
3346,3.4,4760.000229
6423,3.8,5320.000172
3172,3.45,4829.999924
6303,3.4,4760.000229
8031,3.44,4809.999943
2939,3.4,4760.000229
3533,3.4,4760.000229
4960,3.4,4760.000229
6787,3.45,4829.999924
5228,3.4,4760.000229
4241,3.35,4690.000057
4902,3.35,4690.000057
9913,3.34,4670.000076
8911,4.99,6980.000019
9347,5.22,7300.000191
5581,3.5,4900.000095
5089,3.49,4880.000114
9089,3.25,4550.000191
3143,3.15,4409.999847
2971,3.15,4409.999847
5465,3.3,4619.999886
6156,3.8,5320.000172
3482,3.05,4269.999981
8727,3.05,4269.999981
6624,3.1,4340.000153
2762,3.5,4900.000095
8927,3.5,4900.000095
3254,4.99,6980.000019
5755,3.1,4340.000153
3651,7,9789.999962
7421,7,9789.999962
4013,6.19,8659.999847
6468,6.74,9430.000305
4898,7.5,10489.99977
9775,8,11189.99958
9617,4.7,6579.999924
4995,6,8390.000343
2965,3.19,4460.000038
4023,3.1,4340.000153
6008,3.1,4340.000153
3509,3.1,4340.000153
9655,5,7000
8829,6.25,8739.999771
5101,8,11189.99958
4050,3,4199.999809
7182,8.99,12579.99992
7360,7,9789.999962
8879,5.13,7179.999828
5895,4.99,6980.000019
2556,3,4199.999809
3523,3.7,5179.999828
7816,3.5,4900.000095
3818,6.99,9779.999733
4110,3.1,4340.000153
9666,3,4199.999809
2584,2.95,4130.000114
4933,2.95,4130.000114
2752,2.95,4130.000114
6354,2.85,3990.00001
9384,2.87,4019.999981
4209,3.75,5250
9260,2.95,4130.000114
7963,2.95,4130.000114
6989,3.7,5179.999828
3670,3,4199.999809
3904,5,7000
6302,4.8,6719.99979
9404,3.49,4880.000114
9856,5,7000
7019,4.82,6739.999771
5553,4.9,6860.000134
8666,2.96,4139.999866
8383,2.96,4139.999866
6755,2.9,4059.999943
7628,2.9,4059.999943
7633,2.9,4059.999943
8011,2.9,4059.999943
8409,2.9,4059.999943
4140,9.99,13979.99954
5584,2.9,4059.999943
8107,2.9,4059.999943
3357,2.9,4059.999943
3856,3.79,5300.000191
4246,7.99,11180.00031
7764,2.75,3849.999905
2228,2.9,4059.999943
5840,2.95,4130.000114
3766,5,7000
5860,9.85,13779.99973
2804,7,9789.999962
5560,3.9,5460.000038
8438,3.5,4900.000095
6683,2.89,4039.999962
4624,2.99,4179.999828
5939,5,7000
7863,2.95,4130.000114
9281,3.25,4550.000191
5364,3,4199.999809
6626,7,9789.999962
3262,4,5599.999905
6344,4.5,6300.000191
3099,4.11,5750
3583,2.99,4179.999828
3669,50,69949.99695
7377,2.75,3849.999905
5128,2.89,4039.999962
5664,3,4199.999809
7575,2.95,4130.000114
5809,7.77,10869.99989
7564,4.4,6159.999847
3383,9.5,13289.99996
7454,3,4199.999809
3140,4,5599.999905
2398,4.5,6300.000191
8662,3.5,4900.000095
7304,3.5,4900.000095
9163,3.4,4760.000229
8029,3.5,4900.000095
5947,3.8,5320.000172
5482,2.97,4159.999847
3676,3.49,4880.000114
4923,3.89,5440.000057
3880,2.75,3849.999905
8143,2.75,3849.999905
9519,2.75,3849.999905
3553,2.7,3779.999971
5077,2.75,3849.999905
5098,2.75,3849.999905
7658,3.29,4599.999905
7969,2.75,3849.999905
7533,2.75,3849.999905
4026,4.99,6980.000019
9410,12,16790.00092
7762,3,4199.999809
7762,3,4199.999809
8048,2.65,3710.000038
2733,2.65,3710.000038
5911,2.5,3500
6953,2.75,3849.999905
8476,2.7,3779.999971
9770,2.6,3640.000105
1417,2.6,3640.000105
7836,3.29,4599.999905
2076,2.6,3640.000105
2451,2.6,3640.000105
5416,2.6,3640.000105
8067,2.65,3710.000038
6654,2.65,3710.000038
7702,2.65,3710.000038
6951,2.5,3500
4391,2.5,3500
7008,2.5,3500
6397,2.5,3500
5374,2.49,3480.000019
5399,2.49,3480.000019
9753,2.5,3500
9197,2.49,3480.000019
8830,2.49,3480.000019
6523,2.8,3920.000076
9243,2.45,3430.000067
3593,3.4,4760.000229
8667,2.5,3500
2597,2.4,3359.999895
2998,2.8,3920.000076
4123,2.7,3779.999971
6070,2.49,3480.000019
7215,2.5,3500
9638,2.98,4170.000076
2879,4,5599.999905
2637,4,5599.999905
4932,3.85,5389.999866
9463,3.95,5530.00021
3732,3.33,4659.999847
8226,2.5,3500
5440,5,7000
3787,4.25,5949.999809
2629,2.95,4130.000114
5870,2.45,3430.000067
5935,4.1,5739.999771
3355,3.5,4900.000095
2212,3.49,4880.000114
2787,3.35,4690.000057
9047,3.25,4550.000191
8656,2.99,4179.999828
4532,2.94,4110.000134
5687,2.85,3990.00001
2313,4.49,6280.00021
7065,5,7000
3666,5,7000
3291,3.3,4619.999886
6623,2.7,3779.999971
7934,2.5,3500
2666,2.66,3720.000029
6605,2.5,3500
4208,2.49,3480.000019
2173,2.45,3430.000067
3257,2.35,3289.999962
8322,2.3,3220.000029
8408,2.29,3200.000048
4669,3.4,4760.000229
2306,53,74150.00153
7120,2.19,3059.999943
9667,2.3,3220.000029
4399,2.5,3500
4496,2.5,3500
3652,2.19,3059.999943
4939,2.19,3059.999943
9110,2.3,3220.000029
8050,2.5,3500
5241,2.3,3220.000029
9916,34,47569.99969
7486,2.95,4130.000114
6849,3.4,4760.000229
3499,2.5,3500
6655,2.75,3849.999905
7605,2.79,3900.000095
3173,3.38,4730.000019
3473,2.15,3009.99999
2959,3,4199.999809
7375,2.58,3609.999895
1838,4.23,5920.000076
7771,2.5,3500
6686,2.5,3500
6662,2.1,2940.000057
6197,2.29,3200.000048
1360,2.17,3039.999962
5426,29,40569.99969
8996,2.15,3009.99999
2660,4.9,6860.000134
9345,1.99,2779.999971
6724,2.18,3049.999952
1684,40,55959.99908
4311,1.85,2589.999914
2471,2.1,2940.000057
3141,3.14,4400.000095
9138,2.77,3880.000114
5188,2.13,2980.000019
6790,1.8,2519.999981
7279,2.15,3009.99999
7995,2.4,3359.999895
7945,8,11189.99958
5164,7.7,10770.00046
3851,2.22,3109.999895
3933,2.75,3849.999905
7964,3,4199.999809
2290,2.88,4030.00021
8183,6.5,9090.000153
5285,2.1,2940.000057
6671,2.19,3059.999943
8931,3.49,4880.000114
5536,1.98,2769.999981
5126,2.29,3200.000048
5179,2.49,3480.000019
8945,2.5,3500
8101,2.5,3500
6901,2.5,3500
1704,2.5,3500
1642,1.97,2759.99999
8339,2.5,3500
9860,2.2,3079.999924
2309,1.95,2730.000019
8730,1.94,2710.000038
8739,1.2,1679.999948
8059,2.49,3480.000019
9886,5.5,7690.000057
9929,4,5599.999905
9859,6,8390.000343
8991,1.65,2309.999943
4201,2.1,2940.000057
4920,5.5,7690.000057
7619,1.85,2589.999914
6868,3.49,4880.000114
4340,3.05,4269.999981
7299,3.05,4269.999981
2593,3.1,4340.000153
7305,2.45,3430.000067
2303,2.45,3430.000067
7347,2.25,3150.000095
7608,2.2,3079.999924
1963,23,32180.00031
3399,3,4199.999809
5275,3.8,5320.000172
5720,5,7000
5213,8,11189.99958
5066,50,69949.99695
9580,6,8390.000343
3823,3,4199.999809
9441,2.5,3500
2289,5,7000
2469,2.5,3500
561,22,30780.00069
3857,1.92,2690.000057
7542,10.9,15250
2877,3,4199.999809
4541,1.99,2779.999971
6557,4.99,6980.000019
960,4,5599.999905
2672,2.9,4059.999943
3964,2.89,4039.999962
7290,2.1,2940.000057
6809,6.5,9090.000153
3588,3,4199.999809
7257,9,12590.00015
1605,6.49,9079.999924
2259,1.99,2779.999971
7502,2.1,2940.000057
5542,1.9,2660.000086
1440,2,2799.999952
2057,1.99,2779.999971
5849,1.99,2779.999971
6026,1.99,2779.999971
2424,40,55959.99908
9420,1.9,2660.000086
4146,2.4,3359.999895
2292,1.49,2079.999924
8984,1.38,1929.999948
8238,2.9,4059.999943
3361,3.95,5530.00021
4594,3.5,4900.000095
2598,1.7,2380.000114
5153,1.88,2630.000114
9630,3,4199.999809
7938,3.5,4900.000095
7630,9.99,13979.99954
6904,3,4199.999809
9912,4.99,6980.000019
3615,1.95,2730.000019
6940,5,7000
9318,4,5599.999905
544,5.5,7690.000057
7012,6,8390.000343
1351,3.63,5079.999924
7827,1.47,2059.999943
5431,5,7000
8981,4,5599.999905
9874,10,13989.99977
6091,12.39,17329.99992
6453,2,2799.999952
8246,1.99,2779.999971
6892,1.62,2269.999981
6886,1.75,2450.000048
5682,1.89,2640.000105
7979,2,2799.999952
3446,1.4,1960.000038
9713,1.2,1679.999948
3492,1.2,1679.999948
2579,4,5599.999905
3684,49,68550.00305
3705,8,11189.99958
3563,1.95,2730.000019
6254,1.99,2779.999971
8752,18.99,26569.99969
2669,1.4,1960.000038
273,3,4199.999809
4805,6.5,9090.000153
4688,1.4,1960.000038
9910,2,2799.999952
2054,5.95,8319.999695
8036,2.5,3500
861,3,4199.999809
861,3,4199.999809
8528,2.25,3150.000095
3023,1.4,1960.000038
6922,2.1,2940.000057
3260,1.38,1929.999948
9855,1.45,2029.999971
5163,1.45,2029.999971
1590,2,2799.999952
2538,1.5,2099.999905
7695,7.99,11180.00031
5590,1.25,1750
8942,1.65,2309.999943
4873,0.99,1389.999986
8189,0.98,1370.000005
8004,0.95,1330.000043
3665,0.99,1389.999986
2280,0.99,1389.999986
8157,0.99,1389.999986
9833,2,2799.999952
7102,2.25,3150.000095
8718,1.4,1960.000038
5195,1.2,1679.999948
3543,2.99,4179.999828
4554,1.2,1679.999948
7766,1.05,1470.000029
5022,0.9,1259.99999
5944,35,48970.00122
1000,9.99,13979.99954
9355,1.4,1960.000038
6807,8.39,11739.99977
1232,11.11,15539.99996
8697,5.5,7690.000057
1111,1.11,1549.999952
8455,1.9,2660.000086
1841,1.2,1679.999948
6848,1.07,1500
3352,0.9,1259.99999
7440,0.95,1330.000043
3453,1.2,1679.999948
5620,1.1,1539.999962
2782,0.99,1389.999986
6608,1.5,2099.999905
4989,2.55,3569.999933
2351,1.2,1679.999948
8309,1.2,1679.999948
3207,1.2,1679.999948
155,7,9789.999962
3852,0.95,1330.000043
4963,1,1399.999976
5398,1.61,2250
5769,1.4,1960.000038
8308,1.1,1539.999962
9182,1.1,1539.999962
6259,1.1,1539.999962
3704,9.99,13979.99954
3015,7,9789.999962
5522,2.8,3920.000076
4155,0.85,1190.000057
2868,0.85,1190.000057
4172,0.85,1190.000057
3552,0.85,1190.000057
4602,1,1399.999976
4423,1,1399.999976
2503,1,1399.999976
7416,0.91,1269.999981
4477,0.85,1190.000057
4622,1,1399.999976
3595,1.25,1750
2582,1,1399.999976
3779,1.05,1470.000029
3448,0.89,1250
3295,1.29,1799.999952
5969,1,1399.999976
9361,1.49,2079.999924
9343,1,1399.999976
8543,1,1399.999976
8327,1,1399.999976
6169,1,1399.999976
4166,1,1399.999976
5272,4,5599.999905
7968,1.3,1820.000052
4540,1.15,1610.000014
7049,1.1,1539.999962
9465,1.1,1539.999962
3013,0.99,1389.999986
3905,0.94,1320.000052
1617,0.95,1330.000043
7598,0.94,1320.000052
4416,1.1,1539.999962
8903,1.1,1539.999962
3259,2.99,4179.999828
3677,2.75,3849.999905
9931,2.25,3150.000095
7954,2,2799.999952
7516,2,2799.999952
5557,0.99,1389.999986
4240,5,7000
4238,1,1399.999976
4238,1,1399.999976
4999,1.5,2099.999905
8831,1.5,2099.999905
5561,1,1399.999976
8716,6,8390.000343
9791,1.99,2779.999971
2154,1,1399.999976
8326,0.95,1330.000043
7930,1.29,1799.999952
7631,1.24,1730.000019
5555,1.5,2099.999905
875,2.6,3640.000105
3449,0.99,1389.999986
3242,0.99,1389.999986
6185,1.1,1539.999962
7249,2.2,3079.999924
8494,0.79,1110.000014
4395,2.3,3220.000029
5589,1.49,2079.999924
9625,10,13989.99977
3159,1.43,2000
8938,1.1,1539.999962
2301,5,7000
8542,0.79,1110.000014
8442,0.79,1110.000014
7116,1.2,1679.999948
6295,2.95,4130.000114
6831,1.42,1990.00001
8075,1.11,1549.999952
2406,2.5,3500
8889,3.5,4900.000095
3246,7,9789.999962
3668,1,1399.999976
2113,1.2,1679.999948
4611,7,9789.999962
3562,1.3,1820.000052
6047,3,4199.999809
7716,1,1399.999976
5846,1.21,1690.000057
8681,1,1399.999976
8681,1,1399.999976
8820,1.18,1649.999976
2777,1.24,1730.000019
5535,1.49,2079.999924
8922,1.79,2500
7473,5,7000
8990,2.5,3500
5238,1.39,1940.000057
3445,1.5,2099.999905
5002,49,68550.00305
4490,1.45,2029.999971
2919,1.75,2450.000048
7869,3.99,5579.999924
4052,1.5,2099.999905
2845,3.1,4340.000153
7458,56,78339.99634
3178,8,11189.99958
169,6.99,9779.999733
89,20,27979.99954
1244,1.95,2730.000019
2429,3.5,4900.000095
665,6,8390.000343
4144,7.5,10489.99977
5810,2,2799.999952
9125,6,8390.000343
4924,8,11189.99958
8395,3.3,4619.999886
7903,2.99,4179.999828
5583,8,11189.99958
3938,1.8,2519.999981
3440,1.4,1960.000038
9810,1.38,1929.999948
1324,1.38,1940.000057
6122,1.39,1940.000057
9966,2.77,3869.999886
8503,1.39,1940.000057
2310,4.95,6929.999828
240,7,9789.999962
3104,1.3,1820.000052
6462,1.85,2589.999914
6392,3.4,4760.000229
3754,1.5,2099.999905
4470,1.5,2099.999905
5485,1.99,2779.999971
5717,1.9,2660.000086
5938,1.49,2079.999924
7455,2.1,2940.000057
6007,1.35,1889.999986
9658,2.56,3579.999924
5917,1.62,2269.999981
6618,2.75,3849.999905
7181,1.23,1720.000029
5634,1.23,1720.000029
7953,3,4199.999809
8098,1.5,2099.999905
7309,1.2,1679.999948
8915,1.29,1799.999952
3592,5,7000
6140,1.9,2660.000086
7096,2,2799.999952
2373,2.49,3480.000019
5730,2.5,3500
4537,1.75,2450.000048
4882,1.69,2359.999895
8135,1.25,1750
7924,1.45,2029.999971
4871,1.13,1580.000043
9205,1.95,2730.000019
4976,1.2,1679.999948
6419,4,5599.999905
2444,1.5,2099.999905
7967,1.5,2099.999905
6543,4.7,6579.999924
1479,2,2799.999952
6024,2,2799.999952
2589,3,4199.999809
2568,1.1,1539.999962
2230,1.1,1539.999962
9114,1.1,1539.999962
9040,1.09,1519.999981
2389,1.49,2079.999924
2607,1.49,2079.999924
9626,1.23,1730.000019
1760,1.49,2079.999924
9086,4.5,6300.000191
3126,1.74,2430.000067
5276,2,2799.999952
6594,1.82,2549.999952
4847,1.44,2009.99999
4549,4,5599.999905
3608,1.34,1870.000005
7711,1,1399.999976
6480,1,1399.999976
8843,1,1399.999976
5159,3.14,4400.000095
4125,1.75,2450.000048
1802,5,7000
6638,4,5599.999905
5983,1.31,1830.000043
2753,4.5,6300.000191
1710,10,13989.99977
5117,1.25,1750
2876,1.2,1679.999948
5324,1.15,1610.000014
3706,5,7000
9510,2.53,3539.999962
3394,1.3,1820.000052
7706,1,1399.999976
5974,2.4,3359.999895
3317,3.5,4900.000095
7118,1,1399.999976
7801,1.15,1610.000014
2943,1.19,1659.999967
8609,1,1399.999976
4628,1.49,2079.999924
4244,1,1399.999976
6068,1,1399.999976
2202,15,20989.99977
5308,2.5,3500
6969,1,1399.999976
1036,1,1399.999976
2972,1.2,1679.999948
9606,1.7,2380.000114
7165,1.1,1539.999962
2772,1.1,1539.999962
6206,1.1,1539.999962
8715,0.99,1389.999986
1403,0.9,1259.99999
7313,0.9,1259.99999
7931,0.9,1259.99999
7254,0.9,1259.99999
4405,4,5599.999905
7070,1.7,2380.000114
5713,1.99,2779.999971
5191,5,7000
2386,77,107720.0012
5820,0.99,1389.999986
5592,2,2799.999952
5144,0.8,1120.000005
2110,7.4,10350.00038
5306,2,2799.999952
4985,2.55,3569.999933
2461,1.3,1820.000052
9434,1,1399.999976
6292,1.15,1610.000014
8348,85,118919.9982
4113,2,2799.999952
7569,2.25,3150.000095
3854,1.25,1750
2075,0.82,1149.999976
2981,5,7000
5760,0.82,1149.999976
9812,1,1399.999976
9107,1,1399.999976
4310,1.1,1539.999962
2760,6.5,9090.000153
9895,1.45,2029.999971
5225,1.22,1710.000038
4695,0.9,1259.99999
7384,1.22,1710.000038
4467,1.45,2029.999971
9183,1.8,2519.999981
7208,1.6,2240.00001
2729,2,2799.999952
998,3.5,4900.000095
9219,1.7,2380.000114
3510,1,1399.999976
4910,0.76,1059.999943
4329,0.74,1039.999962
8332,0.74,1039.999962
2063,0.75,1049.999952
2470,0.75,1049.999952
3926,0.75,1049.999952
7647,0.75,1049.999952
4038,0.75,1049.999952
1581,0.76,1059.999943
6220,0.75,1049.999952
2535,0.72,1009.99999
8536,0.73,1019.999981
1565,0.73,1019.999981
1456,0.73,1019.999981
9765,0.72,1009.99999
5186,8,11189.99958
8576,7,9789.999962
5727,6.1,8529.999733
9644,3.49,4880.000114
1447,2.49,3480.000019
2995,2,2799.999952
4066,0.84,1179.999948
4513,60,83940.00244
2671,0.73,1019.999981
2603,0.74,1039.999962
6920,0.72,1009.99999
3342,1.2,1679.999948
7641,1.65,2309.999943
9843,1,1399.999976
9828,1.5,2099.999905
3718,0.79,1110.000014
2477,1,1399.999976
9193,2.5,3500
2452,2,2799.999952
6233,0.85,1190.000057
6664,0.99,1389.999986
8009,3.17,4429.999828
2964,15.5,21680.00031
344,15,20989.99977
2420,1,1399.999976
1330,3,4199.999809
9149,2.5,3500
8770,2,2799.999952
6615,1.3,1820.000052
9878,10,13989.99977
4122,1.3,1820.000052
2540,6.5,9090.000153
5406,1.25,1750
7110,1,1399.999976
7645,2,2799.999952
2795,2.95,4130.000114
6665,1.49,2079.999924
6665,1.49,2079.999924
4015,4,5599.999905
5295,1.99,2779.999971
3096,3.59,5019.999981
3321,1.5,2099.999905
7999,1.75,2450.000048
5375,1.5,2099.999905
9513,1.24,1730.000019
2624,1.56,2180.000067
6571,1.29,1799.999952
985,3,4199.999809
7111,5,7000
8886,6,8390.000343
6631,1.33,1860.000014
3631,1,1399.999976
8134,3.99,5579.999924
8313,1.99,2779.999971
9253,1.5,2099.999905
3416,1,1399.999976
7439,2,2799.999952
9203,9.99,13979.99954
7235,1.5,2099.999905
8414,1.5,2099.999905
4243,1,1399.999976
6934,0.99,1389.999986
5291,0.95,1330.000043
2069,0.95,1330.000043
8810,0.9,1259.99999
2080,1,1399.999976
8403,2,2799.999952
7124,2,2799.999952
6081,3.25,4550.000191
385,5,7000
627,2.5,3500
1433,5,7000
2249,9.5,13289.99996
9515,2.25,3150.000095
4812,2.5,3500
5898,4.5,6300.000191
9715,1.5,2099.999905
7898,4,5599.999905
6629,3.25,4550.000191
1225,2,2799.999952
7795,0.75,1049.999952
3201,2.1,2940.000057
2365,0.77,1080.000043
8819,3.99,5579.999924
3247,1.8,2519.999981
3185,1.5,2099.999905
5698,0.95,1330.000043
8130,0.95,1330.000043
4020,0.85,1190.000057
2670,0.74,1039.999962
5916,1.1,1539.999962
7503,1.25,1750
3149,1.05,1470.000029
3663,0.9,1259.99999
7158,0.8,1120.000005
4306,0.9,1259.99999
5782,0.85,1190.000057
4225,1.9,2660.000086
3799,1.5,2099.999905
6494,0.99,1389.999986
3545,0.95,1330.000043
8509,0.85,1190.000057
7142,3,4199.999809
8918,0.75,1049.999952
5149,1,1399.999976
5149,1,1399.999976
7035,1.05,1470.000029
6900,1.45,2029.999971
1338,1.5,2099.999905
4445,1.2,1679.999948
4478,0.88,1230.000019
6786,1.86,2599.999905
143,6.5,9090.000153
1650,0.89,1250
6528,2.5,3500
4494,0.95,1330.000043
5421,0.8,1120.000005
6451,2.25,3150.000095
4021,5,7000
5314,37,51759.99832
5320,1.11,1549.999952
3832,0.88,1230.000019
8061,0.78,1090.000033
8584,1,1399.999976
9678,5.55,7760.000229
9461,5.55,7760.000229
6993,0.78,1090.000033
4977,1,1399.999976
8835,1,1399.999976
9228,0.75,1049.999952
6676,0.84,1179.999948
3384,1,1399.999976
9229,1.5,2099.999905
5471,2,2799.999952
5613,0.8,1120.000005
7868,2,2799.999952
7338,4.99,6980.000019
3841,4,5599.999905
5332,0.98,1370.000005
2863,0.89,1250
1537,2,2799.999952
3664,1,1399.999976
9976,1.5,2099.999905
7534,0.89,1250
5949,5.25,7340.000153
5120,1.5,2099.999905
510,21.55,30149.99962
7802,1.6,2240.00001
241,5,7000
3471,1.5,2099.999905
2044,0.95,1330.000043
6678,1,1399.999976
3075,0.79,1110.000014
9523,1,1399.999976
6225,2.5,3500
1875,1.25,1750
5684,7.5,10489.99977
1092,2.06,2880.000114
8407,1.5,2099.999905
706,5,7000
9955,10,13989.99977
6498,1,1399.999976
2269,0.79,1110.000014
3256,1.75,2450.000048
6577,0.8,1110.000014
1094,1.5,2099.999905
9530,1.65,2309.999943
3307,20,27979.99954
7760,5,7000
6420,1.5,2099.999905
7654,1.45,2029.999971
5728,0.83,1159.999967
4904,0.89,1250
4401,0.75,1049.999952
3750,0.75,1049.999952
8713,1.15,1610.000014
9385,1,1399.999976
6227,1,1399.999976
8693,0.99,1389.999986
9285,1,1399.999976
6974,1,1399.999976
2097,0.75,1049.999952
9358,2,2799.999952
3373,0.75,1049.999952
3623,1,1399.999976
2441,1.18,1649.999976
1390,0.75,1049.999952
2445,0.75,1049.999952
8934,1.26,1759.99999
7234,0.9,1259.99999
4639,2,2799.999952
3812,1,1399.999976
7580,1.5,2099.999905
2590,0.9,1259.99999
9751,0.98,1370.000005
3397,0.99,1379.999995
2768,0.75,1049.999952
6921,0.95,1330.000043
8267,0.85,1190.000057
6581,3,4199.999809
9514,0.79,1110.000014
7423,0.79,1110.000014
2260,0.8,1120.000005
8254,1.3,1820.000052
3803,1,1399.999976
5777,1,1399.999976
1062,0.75,1049.999952
5958,1.5,2099.999905
4806,0.75,1049.999952
7465,0.77,1080.000043
8910,1,1399.999976
8387,1,1399.999976
2935,1,1399.999976
9861,0.99,1389.999986
8750,3.5,4900.000095
719,2.25,3150.000095
3165,1,1399.999976
460,2.5,3500
6216,0.75,1049.999952
8851,2.5,3500
949,2,2799.999952
8994,2.5,3500
6575,2,2799.999952
2478,2.5,3500
9921,1,1399.999976
1060,0.99,1389.999986
5719,0.99,1389.999986
5833,1.1,1539.999962
8556,0.72,1009.99999
5950,0.75,1049.999952
3741,0.85,1190.000057
3923,1,1399.999976
3490,0.75,1049.999952
9011,0.76,1059.999943
2740,1.5,2099.999905
7756,3.59,5019.999981
7875,1.75,2450.000048
6592,0.75,1049.999952
3756,1,1399.999976
1093,1,1399.999976
4553,0.8,1120.000005
14,2.5,3500
6711,0.75,1049.999952
0,25,34979.99954
355,0.75,1049.999952
9235,0.79,1110.000014
2338,3.5,4900.000095
4612,1,1399.999976
5230,0.8,1120.000005
6704,5,7000
6027,0.9,1259.99999
8857,2.5,3500
2560,1.6,2240.00001
4417,13.5,18889.99939
3328,1.48,2069.999933
6145,1.7,2380.000114
7191,1.6,2240.00001
7804,12,16790.00092
6740,1.15,1610.000014
2621,0.79,1110.000014
5217,2.5,3500
9479,0.75,1049.999952
2967,2.25,3150.000095
6915,3.5,4900.000095
992,0.8,1120.000005
2708,1.5,2099.999905
8780,1.51,2109.999895
755,1.4,1960.000038
8402,0.79,1110.000014
931,3,4199.999809
838,3,4199.999809
6486,4.5,6300.000191
6486,4.5,6300.000191
4143,2.2,3079.999924
8064,0.8,1120.000005
5787,2.1,2940.000057
5001,1.2,1679.999948
280,1.2,1679.999948
9703,2.5,3500
2698,2,2799.999952
9907,1.75,2450.000048
6532,1.5,2099.999905
5692,3.98,5570.000172
843,1.6,2240.00001
116,2.4,3359.999895
4211,1.3,1820.000052
1519,0.89,1250
2997,0.9,1259.99999
8785,1.3,1820.000052
8738,1.2,1679.999948
2132,1,1399.999976
2924,7,9789.999962
8498,5,7000
2368,2.29,3200.000048
7523,8,11189.99958
5822,8,11189.99958
3712,0.99,1389.999986
549,0.75,1049.999952
2857,1.49,2079.999924
249,0.95,1330.000043
404,0.95,1330.000043
4129,1.6,2240.00001
3795,0.9,1259.99999
4178,8,11189.99958
2938,1.58,2210.000038
2890,8,11189.99958
3100,8,11189.99958
1935,1.18,1639.999986
741,1.5,2099.999905
8840,0.75,1049.999952
5905,10,13989.99977
9280,6.75,9439.99958
281,1.1,1539.999962
5795,8,11189.99958
2711,1,1399.999976
2766,1,1399.999976
2329,2.5,3500
9265,2.25,3150.000095
6089,10,13989.99977
1886,2.29,3200.000048
1374,1.89,2640.000105
4747,1,1399.999976
5742,1,1399.999976